"BROKEN","EPIC","FAILED","FEATURE","PASSED","SKIPPED","STORY","UNKNOWN"
"0","","2","Find Transactions on Parabank","0","0","Find transactions by Date Range","0"
"4","","0","Pay Bill","0","0","User logged in with valid user credentials","5"
"1","","0","Transfer Funds","0","0","Transferring money from one account to another","3"
"1","","0","Update Profile","0","0","Update Profile","1"
"0","","2","Find Transactions on Parabank","0","0","Find transactions by Amount","0"
"0","","2","Find Transactions on Parabank","0","0","Find transactions by Transaction ID","0"
"1","","0","Account Overview","0","0","Overview","0"
"1","","1","Find Transactions on Parabank","0","0","Find transactions by Date","0"
"1","","0","Login","0","0","User with valid credentials","0"
